domain_name,Carleton_response_addresses,Google_response_addresses,TTL_Carleton,TTL_Google
domain_name,,,-1,-1
google.com.,142.250.190.142,142.250.190.142,84,300
akadns.net.,,,-1,-1
gstatic.com.,172.217.4.195,142.250.190.67,205,300
facebook.com.,157.240.26.35,157.240.26.35,17,60
microsoft.com.,13.107.213.51;13.107.246.51,13.107.246.51;13.107.213.51,3600,211
akamai.com.,23.200.133.6;23.200.133.42,104.119.189.219;104.119.189.235,20,15
whatsapp.net.,157.240.26.54,157.240.26.54,60,60
apple.com.,17.253.144.10,17.253.144.10,128,555
fbcdn.net.,157.240.26.35,157.240.26.35,60,60
play.googleapis.com.,216.239.38.223;216.239.32.223;216.239.34.223;216.239.36.223,216.239.34.223;216.239.38.223;216.239.32.223;216.239.36.223,178,300
googleusercontent.com.,172.217.5.1,142.250.190.97,300,300
bing.com.,150.171.28.10;150.171.27.10,150.171.27.10;150.171.28.10,3600,2468
microsoftonline.com.,,,-1,-1
doubleclick.net.,142.250.190.14,142.250.190.14,300,300
digicert.com.,45.60.131.229;45.60.121.229,45.60.121.229;45.60.131.229,300,277
akamai-zt.com.,,,-1,-1
office.com.,13.107.6.156,13.107.6.156,289,76
ytimg.com.,,,-1,-1
update.googleapis.com.,142.251.32.3,142.250.191.163,203,300
msn.com.,204.79.197.219,204.79.197.219,3600,806
googleapis.com.,142.250.190.100,142.250.190.132,94,300
www.googleapis.com.,142.251.34.234;142.250.191.138;172.217.4.42;142.250.191.170;142.250.190.106;142.250.190.42;142.250.191.106;142.250.190.10;172.217.1.106;142.251.32.10;142.250.190.74;142.250.191.234;172.217.2.42;142.250.190.138;172.217.4.74;142.250.191.202,142.250.191.138;142.250.190.74;142.250.191.170;142.250.190.10;172.217.4.202;172.217.1.106;172.217.5.10;142.250.190.106;142.250.191.202;172.217.2.42;142.250.191.106;142.251.34.234;142.251.32.10;172.217.4.74;142.250.190.138;142.250.191.234,121,300
app-measurement.com.,142.250.191.238,142.251.32.14,147,300
skype.com.,20.112.250.133;20.76.201.171;20.236.44.162;20.70.246.20;20.231.239.246,20.70.246.20;20.231.239.246;20.112.250.133;20.236.44.162;20.76.201.171,2899,1029
office.net.,,,-1,-1
akamai.net.,,,-1,-1
youtube.com.,172.217.4.46,172.217.4.206,300,300
windows.com.,20.70.246.20;20.76.201.171;20.236.44.162;20.112.250.133;20.231.239.246,20.70.246.20;20.112.250.133;20.76.201.171;20.236.44.162;20.231.239.246,3600,598
aaplimg.com.,,,-1,-1
instagram.com.,157.240.26.174,157.240.26.174,60,60
icloud.com.,17.253.144.10,17.253.144.10,270,485
cloud.microsoft.,20.76.201.171;20.231.239.246;20.236.44.162;20.70.246.20;20.112.250.133,20.231.239.246;20.112.250.133;20.70.246.20;20.76.201.171;20.236.44.162,300,31
officeapps.live.com.,52.108.9.12;52.108.8.12,52.108.9.12;52.108.8.12,17,14
apple-dns.net.,,,-1,-1
safebrowsing.googleapis.com.,142.251.32.10,142.250.191.234,178,300
ntp.org.,204.93.207.22,204.93.207.22,3600,3087
optimizationguide-pa.googleapis.com.,172.217.4.202;142.250.191.106;172.217.2.42;142.250.191.170;172.217.5.10;142.250.190.10;142.250.191.138;142.250.190.74;142.250.190.42;142.250.191.202;142.250.190.138;172.217.1.106;142.250.191.234;142.251.32.10;172.217.4.42;142.250.190.106,142.250.191.138;142.250.190.106;142.250.191.106;172.217.1.106;142.250.190.74;142.250.190.10;142.250.191.202;172.217.4.42;142.251.32.10;142.250.191.234;142.251.34.234;172.217.4.202;142.250.191.170;172.217.4.74;172.217.2.42;142.250.190.42,299,300
windowsupdate.com.,,,-1,-1
gvt2.com.,,,-1,-1
maersk.io.,165.160.15.20;165.160.13.20,165.160.13.20;165.160.15.20,300,300
googlevideo.com.,142.251.34.228,172.217.2.36,300,300
youtubei.googleapis.com.,216.239.34.223;216.239.36.223;216.239.38.223;216.239.32.223,216.239.36.223;216.239.38.223;216.239.34.223;216.239.32.223,38,300
clientservices.googleapis.com.,142.250.190.99,142.250.191.163,158,300
cloudflare.com.,104.16.133.229;104.16.132.229,104.16.132.229;104.16.133.229,300,300
akamaiedge.net.,,,-1,-1
esc5.net.,54.208.31.49,54.208.31.49,600,600
googlesyndication.com.,142.250.190.36,142.250.191.196,300,300
tiktokv.com.,23.38.109.145;23.38.109.156;23.38.109.136;23.38.109.153;23.38.109.138;23.38.109.154;23.38.109.149;23.38.109.134;23.38.109.165,23.11.229.202;23.11.229.186;23.11.229.168;23.11.229.171;23.11.229.208;23.11.229.211;23.11.229.218;23.11.229.153;23.11.229.227,20,19
windows.net.,20.70.246.20;20.76.201.171;20.231.239.246;20.236.44.162;20.112.250.133,20.231.239.246;20.76.201.171;20.236.44.162;20.112.250.133;20.70.246.20,3600,3484
cib.com.cn.,,,-1,-1
notifications-pa.googleapis.com.,142.250.190.74;142.250.191.202;172.217.4.42;142.250.190.138;142.250.191.138;142.250.190.106;142.250.190.10;142.251.34.234;142.250.190.42;172.217.1.106;142.250.191.234;142.250.191.170;142.251.32.10;142.250.191.106;172.217.4.74,142.250.191.170;172.217.5.10;142.250.190.106;142.250.191.202;142.250.190.74;142.250.190.10;172.217.1.106;142.250.191.234;142.250.191.106;142.250.191.138;142.250.190.138;172.217.2.42;142.251.32.10;142.250.190.42,127,300
appsflyersdk.com.,18.160.102.87;18.160.102.58;18.160.102.32;18.160.102.127,18.160.102.32;18.160.102.58;18.160.102.127;18.160.102.87,60,60
amazonaws.com.,72.21.210.29;72.21.206.80;207.171.166.22,72.21.210.29;207.171.166.22;72.21.206.80,900,11
gvt1.com.,,,-1,-1
office365.com.,40.112.243.53;20.119.0.28,20.119.0.28;40.112.243.53,3600,966
googletagmanager.com.,142.250.191.200,142.250.190.40,300,300
play-fe.googleapis.com.,142.250.190.46,172.217.2.46,64,300
login.live.com.,20.190.135.3;20.190.135.16;40.126.28.20;40.126.28.21;40.126.28.12;40.126.7.35;20.190.135.4;40.126.28.14,20.190.155.16;20.190.155.66;20.190.155.65;20.190.155.132;20.190.155.67;20.190.155.2;40.126.27.128;20.190.155.131,6,146
googleadservices.com.,142.250.191.98,142.250.190.2,300,300
akamaized.net.,,,-1,-1
adobedtm.com.,,,-1,-1
firebaselogging-pa.googleapis.com.,142.250.190.10;142.251.32.10;142.250.191.170;142.250.190.138;142.250.191.202;172.217.1.106;142.250.191.106;142.250.190.106;142.250.191.138;172.217.4.202;172.217.4.74;172.217.5.10;142.250.190.42;142.250.191.234;142.250.190.74;172.217.2.42,172.217.1.106;142.250.190.106;142.250.190.42;142.250.190.74;172.217.4.42;142.250.191.234;142.250.191.202;172.217.5.10;142.250.191.170;172.217.4.74;142.251.32.10;142.250.190.10;142.250.191.106;142.250.190.138;142.250.191.138;142.251.34.234,185,300
android.googleapis.com.,216.239.38.223;216.239.36.223;216.239.34.223;216.239.32.223,216.239.32.223;216.239.34.223;216.239.38.223;216.239.36.223,149,300
firebaseremoteconfig.googleapis.com.,172.217.2.42;172.217.5.10;142.250.191.202;172.217.1.106;142.250.191.170;142.250.190.106;142.250.190.74;172.217.4.42;142.251.32.10;142.250.191.138;142.250.190.138;142.250.191.106;142.250.190.42;172.217.4.202;142.250.191.234;142.250.190.10,142.250.191.170;142.250.190.10;142.250.191.106;172.217.4.74;142.250.191.202;142.251.32.10;172.217.4.202;172.217.4.42;142.250.191.234;172.217.2.42;142.250.190.106;142.250.190.42;142.250.190.138;172.217.1.106;142.251.34.234;142.250.191.138,43,300
tiktokcdn.com.,,,-1,-1
fonts.googleapis.com.,142.250.190.106,142.250.190.42,250,300
google-analytics.com.,142.250.191.132,142.250.191.132,221,300
ggpht.com.,,,-1,-1
crashlytics.com.,216.239.32.29,216.239.32.29,300,300
content-autofill.googleapis.com.,172.217.2.42;172.217.1.106;172.217.5.10;142.250.191.202;172.217.4.202;142.250.191.170;172.217.4.42;142.250.190.10;142.250.190.42;142.251.32.10;142.250.190.74;142.250.191.106;142.250.191.234;142.251.34.234;142.250.190.138;142.250.191.138,172.217.2.42;142.250.191.170;172.217.1.106;172.217.4.202;142.250.190.74;172.217.4.42;142.250.190.42;142.250.190.10;142.250.190.138;142.250.191.234;142.250.191.106;142.251.34.234;142.250.191.202;142.251.32.10;142.250.191.138;142.250.190.106,72,300
static.microsoft.,,,-1,-1
line-apps.com.,10.233.124.212,10.233.124.212,60,60
sfx.ms.,,,-1,-1
azure.com.,20.236.44.162;20.231.239.246;20.112.250.133;20.76.201.171;20.70.246.20,20.236.44.162;20.76.201.171;20.231.239.246;20.112.250.133;20.70.246.20,3600,1856
prod-lt-playstoregatewayadapter-pa.googleapis.com.,142.250.190.42;142.250.191.234;142.250.191.106;142.251.34.234;142.250.190.138;172.217.5.10;172.217.4.42;142.251.32.10;142.250.191.202;172.217.4.74;142.250.191.138;172.217.4.202;142.250.190.10;172.217.1.106;172.217.2.42;142.250.191.170,142.250.190.10;142.250.191.106;142.251.34.234;142.250.191.202;172.217.4.202;172.217.4.42;142.250.190.106;142.251.32.10;172.217.1.106;142.250.190.138;172.217.2.42;142.250.191.234;172.217.5.10;142.250.191.138;142.250.191.170;172.217.4.74,124,300
fastly-edge.com.,,,-1,-1
churchofjesuschrist.org.,216.49.176.20,216.49.176.20,60,60
firebaseinstallations.googleapis.com.,142.250.190.42;142.250.190.106;172.217.2.42;142.250.191.170;142.250.190.138;142.250.190.10;172.217.4.202;142.250.191.106;142.250.191.138;172.217.4.74;172.217.1.106;142.251.34.234;142.250.191.234;142.250.191.202;142.250.190.74;142.251.32.10,142.250.190.138;142.250.190.42;142.250.191.138;142.250.191.234;142.250.190.106;142.251.32.10;142.250.190.74;172.217.4.42;142.250.191.170;142.251.34.234;172.217.2.42;172.217.4.202;142.250.190.10;172.217.5.10;172.217.1.106;142.250.191.202,253,300
geller-pa.googleapis.com.,142.250.190.138;142.250.190.42;142.250.191.170;142.250.190.10;142.250.190.106;172.217.5.10;172.217.1.106;142.250.191.234;142.250.191.202;172.217.4.74;172.217.4.42;142.250.191.106;142.250.191.138;142.251.32.10;142.250.190.74;142.251.34.234,142.251.32.10;142.251.34.234;142.250.191.170;142.250.191.234;172.217.2.42;142.250.191.106;142.250.190.74;172.217.4.74;172.217.4.42;142.250.191.138;142.250.190.42;142.250.190.10;142.250.190.106;172.217.1.106;142.250.190.138;142.250.191.202,229,300
zscalertwo.net.,,,-1,-1
qq.com.,123.150.76.218;203.205.254.157;113.108.81.189,123.150.76.218;203.205.254.157;113.108.81.189,600,295
aa-rt.sharepoint.com.,,,-1,-1
people-pa.googleapis.com.,142.250.191.106;172.217.1.106;142.250.190.106;142.250.190.42;172.217.2.42;142.250.191.170;142.250.190.10;172.217.4.202;142.250.190.74;172.217.5.10;142.250.190.138;142.250.191.138;142.250.191.234;142.250.191.202;142.251.32.10;172.217.4.42,142.250.190.10;142.250.190.42;172.217.4.42;142.250.191.106;172.217.2.42;142.250.191.138;142.250.190.74;142.251.32.10;142.250.191.170;172.217.4.202;142.250.191.234;142.250.190.138;142.250.190.106;142.251.34.234;142.250.191.202;172.217.1.106,284,300
whatsapp.com.,157.240.26.54,157.240.26.54,59,60
app-analytics-services.com.,142.250.191.174,172.217.4.78,88,300
android.com.,172.217.5.4,142.250.190.132,300,300
cdn-apple.com.,,,-1,-1
sentry.io.,35.186.247.156,35.186.247.156,1103,941
playstoregatewayadapter-pa.googleapis.com.,142.250.190.74;142.250.191.138;142.251.34.234;142.250.190.42;142.250.191.106;142.250.191.234;172.217.2.42;142.250.190.10;142.250.191.170;172.217.4.74;142.250.190.138;172.217.4.42;142.250.190.106;172.217.1.106;142.250.191.202;142.251.32.10,142.250.190.138;142.250.191.138;142.250.190.106;142.250.191.234;142.251.32.10;142.250.191.202;142.250.191.170;142.250.190.42;142.250.190.74;142.250.191.106;142.250.190.10;172.217.1.106;172.217.4.202;142.251.34.234;172.217.2.42;172.217.4.42,141,300
yahoo.com.,98.137.11.164;74.6.231.21;74.6.143.25;74.6.143.26;98.137.11.163;74.6.231.20,74.6.143.26;74.6.143.25;98.137.11.164;98.137.11.163;74.6.231.21;74.6.231.20,1800,1649
live.com.,204.79.197.212,204.79.197.212,822,600
discover-pa.googleapis.com.,142.250.191.234;142.250.191.202;172.217.4.42;142.250.190.10;172.217.4.74;142.250.190.106;142.250.191.138;142.250.190.138;172.217.2.42;172.217.4.202;172.217.1.106;142.251.34.234;142.250.191.106;142.251.32.10;142.250.191.170;142.250.190.42,142.250.191.202;142.250.191.234;142.251.34.234;142.250.190.74;142.250.191.106;172.217.4.74;142.250.191.138;172.217.4.42;142.250.190.106;142.250.191.170;172.217.4.202;142.251.32.10;142.250.190.138;172.217.5.10;142.250.190.10;142.250.190.42,289,300
cloudsink.net.,,,-1,-1
spot-pa.googleapis.com.,142.250.191.202;142.250.190.42;172.217.4.74;142.250.191.138;142.250.190.10;142.250.190.138;172.217.4.42;142.250.191.106;142.250.191.234;142.251.34.234;172.217.1.106;142.250.190.74;142.250.191.170;142.251.32.10;172.217.2.42;142.250.190.106,142.250.190.74;142.250.190.106;172.217.4.74;172.217.5.10;142.250.190.42;142.250.191.138;142.251.32.10;142.250.191.170;142.250.191.106;142.251.34.234;172.217.1.106;142.250.191.202;142.250.191.234;142.250.190.138;172.217.4.202;142.250.190.10,183,300
pki.goog.,216.239.32.29,216.239.32.29,300,139
scorecardresearch.com.,165.193.78.252,165.193.78.252,3600,2125
taskassist-pa.googleapis.com.,172.217.2.42;142.251.34.234;142.250.190.42;142.250.191.138;172.217.4.74;142.250.191.170;142.250.191.234;142.251.32.10;142.250.191.202;142.250.190.74;142.250.190.10;172.217.1.106;172.217.4.42;172.217.4.202;142.250.191.106;142.250.190.106,142.251.32.10;172.217.2.42;172.217.1.106;142.250.190.106;142.250.191.106;142.250.190.42;142.250.190.10;142.250.191.170;142.250.191.138;142.250.191.234;142.250.190.138;142.250.191.202;142.251.34.234;142.250.190.74;172.217.4.202;172.217.5.10,260,300
azureedge.net.,,,-1,-1
firebaselogging.googleapis.com.,216.239.36.223;216.239.32.223;216.239.34.223;216.239.38.223,216.239.32.223;216.239.36.223;216.239.38.223;216.239.34.223,171,300
outlook.com.,52.96.172.98;52.96.222.194;52.96.111.82;52.96.91.34;52.96.222.226;52.96.223.2;52.96.214.50;52.96.229.242;52.96.228.130,52.96.91.34;52.96.214.50;52.96.111.82;52.96.172.98;52.96.223.2;52.96.222.226;52.96.222.194;52.96.228.130;52.96.229.242,300,143
paypal.com.,162.159.141.96;151.101.3.1;151.101.195.1,162.159.141.96;151.101.3.1;151.101.195.1,300,126
moba.net.,95.170.74.97,95.170.74.97,14400,14400
dell.com.,143.166.30.172;143.166.136.12,143.166.30.172;143.166.136.12,600,179
lencr.org.,18.208.88.157;98.84.224.111,18.208.88.157;98.84.224.111,14,67
cdninstagram.com.,,,-1,-1
exp-tas.com.,,,-1,-1
demdex.net.,,,-1,-1
facebook.net.,,,-1,-1
samsung.com.,211.45.27.231,211.45.27.231,300,134
linkedin.com.,150.171.22.12,150.171.22.12,300,300
mzstatic.com.,17.253.142.4,17.253.142.4,2656,166
qualys.eu.,162.159.153.243;162.159.152.21,162.159.152.21;162.159.153.243,300,300
g.live.com.,13.107.246.38;13.107.213.38,13.107.213.38;13.107.246.38,20,34
googletagservices.com.,,,-1,-1
oauthaccountmanager.googleapis.com.,172.217.4.202;142.250.190.42;172.217.2.42;172.217.4.74;142.250.191.138;142.250.190.106;142.250.191.106;142.250.191.202;142.250.190.10;142.251.32.10;142.250.190.138;172.217.1.106;142.251.34.234;142.250.190.74;142.250.191.170;142.250.191.234,172.217.1.106;142.251.34.234;142.250.190.10;142.250.190.106;142.251.32.10;172.217.4.74;142.250.191.170;142.250.190.42;142.250.191.234;142.250.191.202;142.250.191.138;142.250.190.138;142.250.190.74;142.250.191.106;172.217.2.42,85,300
applovin.com.,34.54.184.105,34.54.184.105,120,120
searchnotifications-pa.googleapis.com.,142.251.32.10;172.217.4.74;142.251.34.234;172.217.1.106;142.250.190.74;142.250.190.42;142.250.191.234;142.250.190.10;142.250.191.202;142.250.191.170;142.250.190.138;142.250.190.106;142.250.191.106;172.217.5.10;142.250.191.138;172.217.2.42,142.250.191.202;142.250.191.106;142.250.191.170;142.251.32.10;142.250.190.74;142.250.190.106;142.250.190.138;142.250.190.42;142.250.190.10;172.217.5.10;172.217.4.202;142.250.191.138;172.217.2.42;142.251.34.234;142.250.191.234;172.217.1.106,55,300
adtrafficquality.google.,142.250.191.196,142.250.190.4,300,300
amazon-adsystem.com.,52.205.243.115;54.145.59.57;52.200.46.40,52.200.46.40;54.145.59.57;52.205.243.115,900,900
pangle.io.,,,-1,-1
criteo.com.,23.185.0.4,23.185.0.4,60,60
appcenter.ms.,13.107.246.38;13.107.213.38,13.107.213.51;13.107.246.51,3600,901
adnxs.com.,68.67.178.10;68.67.160.132;68.67.181.248;68.67.179.89;68.67.181.211;68.67.161.208;68.67.160.75;68.67.160.186;68.67.179.155;68.67.179.153;68.67.179.87;68.67.179.164,104.254.150.241;104.254.151.68;104.254.151.69;104.254.151.60;104.254.148.252;104.254.148.251;104.254.151.36,120,120
safebrowsing.apple.,,,-1,-1
fnop.net.,64.68.202.11,64.68.202.11,900,900
svc.ms.,,,-1,-1
ipv4only.arpa.,192.0.0.171;192.0.0.170,192.0.0.170;192.0.0.171,72859,17454
vungle.com.,141.193.213.10;141.193.213.11,141.193.213.10;141.193.213.11,300,195
samsungcloud.com.,,,-1,-1
apple.map.fastly.net.,151.101.151.6,151.101.67.6;151.101.3.6;151.101.131.6;151.101.195.6,60,60
peoplestack-pa.googleapis.com.,172.217.4.202;142.250.190.10;142.250.191.106;172.217.2.42;142.250.191.234;142.250.191.170;142.251.34.234;142.250.190.138;172.217.5.10;172.217.1.106;142.250.191.138;142.250.190.74;142.251.32.10;142.250.191.202;142.250.190.42;142.250.190.106,142.250.190.10;142.250.191.170;142.250.191.202;172.217.4.202;142.250.190.106;172.217.2.42;172.217.4.74;142.250.190.138;172.217.5.10;172.217.1.106;142.250.191.234;142.250.191.106;142.251.34.234;142.251.32.10;142.250.191.138;172.217.4.42,215,300
taboola.com.,151.101.130.132;151.101.194.132;151.101.66.132;151.101.2.132,151.101.130.132;151.101.66.132;151.101.194.132;151.101.2.132,600,600
msedge.net.,204.79.197.197,204.79.197.197,60,55
alssys.vn.,144.48.22.40,144.48.22.40,360,360
spotify.com.,35.186.224.24,35.186.224.24,300,283
meetings.googleapis.com.,142.250.190.74;142.250.191.170;142.250.191.106;142.250.190.10;172.217.4.74;172.217.2.42;142.250.190.106;172.217.1.106;142.250.191.234;142.250.191.202;172.217.4.202;142.251.32.10;142.251.34.234;142.250.190.138;142.250.191.138;142.250.190.42,142.250.191.234;142.250.190.138;142.250.191.138;142.250.191.170;172.217.2.42;172.217.4.42;172.217.4.74;172.217.5.10;142.250.190.42;142.250.190.74;172.217.4.202;142.250.190.10;142.250.191.202;142.251.32.10;172.217.1.106;142.250.191.106,39,300
inmobi.com.,35.212.28.75,35.212.28.75,30,30
msftconnecttest.com.,,,-1,-1
maersk.net.,165.160.13.20;165.160.15.20;203.156.12.154,165.160.13.20;203.156.12.154;165.160.15.20,300,300
ampproject.org.,172.217.2.46,172.217.4.46,300,300
3gppnetwork.org.,,,-1,-1
cloudflare.net.,104.16.208.90;104.17.156.85,104.16.208.90;104.17.156.85,300,300
illusionblack.com.,,,-1,-1
i18n-pglstatp.com.,,,-1,-1
akamaihd.net.,,,-1,-1
branch.io.,18.160.181.8;18.160.181.53;18.160.181.2;18.160.181.9,18.160.181.2;18.160.181.53;18.160.181.8;18.160.181.9,60,60
adobe.com.,23.220.206.21;23.220.206.58,23.213.53.142;23.213.53.135,20,20
crashlyticsreports-pa.googleapis.com.,142.250.191.131,142.250.190.99,183,300
xgapromomanager-pa.googleapis.com.,172.217.4.74;142.251.32.10;142.250.191.138;142.250.190.42;142.250.190.74;172.217.1.106;142.250.190.10;142.250.191.202;142.250.191.234;142.250.190.138;172.217.2.42;142.251.34.234;142.250.190.106;142.250.191.106;172.217.4.42;142.250.191.170,142.250.190.42;142.250.191.170;142.250.190.10;142.251.32.10;142.250.190.74;142.250.191.138;172.217.2.42;142.250.191.234;142.251.34.234;142.250.190.106;142.250.191.106;172.217.4.74;142.250.191.202;172.217.1.106;142.250.190.138;172.217.5.10,284,300
pubmatic.com.,18.160.225.91;18.160.225.53;18.160.225.96;18.160.225.16,3.169.202.47;3.169.202.21;3.169.202.33;3.169.202.17,60,28
nelreports.net.,,,-1,-1
rubiconproject.com.,69.194.143.123,69.194.143.123,150,150
adsrvr.org.,3.170.103.117;3.170.103.25;3.170.103.83;3.170.103.29,99.84.118.46;99.84.118.89;99.84.118.106;99.84.118.36,42,35
unity3d.com.,23.2.131.38,23.2.131.38,20,20
shopeemobile.com.,147.136.141.130,147.136.141.130,900,900
azurefd.net.,,,-1,-1
proactivebackend-pa.googleapis.com.,142.250.191.106;142.250.190.138;172.217.2.42;142.250.190.74;172.217.1.106;142.250.191.138;142.250.191.202;142.250.190.10;142.250.190.42;172.217.4.202;142.250.190.106;142.250.191.170;142.251.32.10;142.250.191.234,172.217.1.106;172.217.5.10;142.250.190.74;142.251.34.234;142.250.191.106;142.250.190.138;142.250.191.170;142.250.191.234;172.217.4.202;142.250.190.10;142.251.32.10;142.250.190.106;172.217.2.42;142.250.190.42;142.250.191.138;172.217.4.42,139,300
netflix.com.,3.211.157.115;3.225.92.8;54.160.93.182,3.225.92.8;3.211.157.115;54.160.93.182,60,60
playatoms-pa.googleapis.com.,142.250.190.10;142.250.190.74;172.217.2.42;142.250.191.138;142.251.32.10;142.250.191.106;172.217.5.10;142.250.190.138;142.250.190.106;142.250.191.170;142.251.34.234;142.250.191.234;142.250.190.42;142.250.191.202;172.217.1.106;172.217.4.42,142.250.191.138;142.251.32.10;172.217.4.42;142.250.191.234;142.251.34.234;142.250.190.138;172.217.2.42;142.250.190.10;142.250.191.202;142.250.190.42;142.250.191.106;142.250.190.74;142.250.190.106;142.250.191.170,240,300
zscaler.com.,52.10.132.43;52.34.226.155,52.10.132.43;52.34.226.155,300,300
damco.com.,204.74.99.103,204.74.99.103,300,300
taobao.com.,59.82.43.234;59.82.43.238;59.82.122.140;59.82.122.165;59.82.43.239;59.82.122.130;59.82.121.163;59.82.44.240,59.82.122.140;59.82.44.240;59.82.121.163;59.82.43.239;59.82.43.238;59.82.122.165;59.82.43.234;59.82.122.130,300,300
firebaseremoteconfigrealtime.googleapis.com.,142.250.191.234;142.250.190.42;142.250.191.106;172.217.4.202;142.250.190.138;172.217.4.42;172.217.5.10;142.251.32.10;142.250.190.106;172.217.1.106;142.250.190.10;172.217.4.74;172.217.2.42;142.250.190.74;142.251.34.234;142.250.191.202,142.250.190.74;172.217.5.10;172.217.4.202;142.250.190.42;142.250.191.202;142.250.191.106;142.250.190.10;142.250.191.170;142.250.191.138;142.251.34.234;172.217.1.106;172.217.4.42;142.250.190.106;142.250.191.234;142.250.190.138;172.217.2.42,112,300
zdxcloud.net.,,,-1,-1
mobilemaps-pa-gz.googleapis.com.,216.239.38.135,216.239.38.135,3522,3600
jsdelivr.net.,1.2.3.4,1.2.3.4,600,600
mobileconfiguration-pa.googleapis.com.,142.250.190.74;142.250.191.234;142.250.191.202;142.251.32.10;142.250.191.138;172.217.2.42;172.217.4.74;142.250.190.42;142.250.190.138;142.250.190.106;172.217.1.106;142.250.190.10;142.250.191.170;142.251.34.234;142.250.191.106;172.217.4.202,142.251.32.10;172.217.1.106;142.250.190.42;172.217.4.74;142.250.190.10;172.217.5.10;142.250.190.74;142.250.190.138;142.250.190.106;142.250.191.106;172.217.2.42;142.250.191.234;142.250.191.138;142.251.34.234;142.250.191.170;172.217.4.202,300,300
zscaler.net.,,,-1,-1
omtrdc.net.,,,-1,-1
clarity.ms.,13.89.188.82;52.173.199.90,52.173.199.90;13.89.188.82,3600,3600
2mdn.net.,,,-1,-1
giphy.com.,151.101.65.91;151.101.193.91;151.101.129.91;151.101.1.91,151.101.1.91;151.101.65.91;151.101.193.91;151.101.129.91,3600,1427
danaccess.net.,217.167.147.132,217.167.147.132,600,600
dmw.gov.ph.,202.69.191.77,202.69.191.77,14400,10797
heytapmobile.com.,,,-1,-1
susercontent.com.,,,-1,-1
oauth2.googleapis.com.,142.251.176.95,192.178.131.95,17,300
licdn.com.,,,-1,-1
live.net.,,,-1,-1
weather.com.,23.11.10.192,23.11.10.192,20,20
macys.net.,,,-1,-1
xiaomi.com.,124.251.34.141,124.251.34.141,600,600
casalemedia.com.,104.18.26.193;104.18.27.193,104.18.27.193;104.18.26.193,300,300
twitter.com.,172.66.0.227,172.66.0.227;162.159.140.229,300,97
voilatile-pa.googleapis.com.,142.250.190.74;142.250.190.106;172.217.4.202;172.217.4.74;142.251.32.10;142.250.190.10;142.250.191.202;142.250.191.138;142.250.190.138;142.250.191.234;172.217.5.10;172.217.4.42;142.250.190.42;142.250.191.170;142.250.191.106;142.251.34.234,142.250.190.138;172.217.1.106;142.251.32.10;172.217.2.42;142.250.190.106;172.217.4.42;172.217.4.74;172.217.4.202;142.250.190.74;142.250.191.138;142.250.191.202;142.251.34.234;142.250.191.234;142.250.191.106;142.250.190.42;142.250.191.170,175,300
msftauth.net.,,,-1,-1
amazon.com.,98.87.170.71;98.82.161.185;98.87.170.74,98.82.161.185;98.87.170.74;98.87.170.71,900,299
storage.googleapis.com.,142.250.190.123;142.250.190.155;142.250.190.91;142.250.191.123;142.250.190.27;142.250.191.219;172.217.4.219;172.217.4.91;142.250.191.251;172.217.1.123;172.217.2.59;142.250.190.59;142.250.191.187;142.251.32.27;142.250.191.155;172.217.4.59,172.217.4.59;142.250.190.155;172.217.2.59;172.217.5.27;172.217.4.219;142.250.191.219;142.251.32.27;142.250.191.123;142.250.190.123;142.250.191.155;142.250.190.27;142.250.190.91;142.250.191.187;142.250.191.251;142.251.34.251;142.250.190.59,239,300
jnn-pa.googleapis.com.,142.250.191.106;172.217.4.42;142.250.191.202;172.217.1.106;142.250.190.106;172.217.4.202;142.250.191.170;142.250.190.42;142.250.191.138;142.251.32.10;142.250.190.74;142.250.191.234;142.250.190.138;142.251.34.234;172.217.2.42;142.250.190.10,142.250.191.170;172.217.2.42;172.217.1.106;172.217.4.202;142.250.190.74;142.250.191.234;172.217.5.10;172.217.4.42;142.250.191.138;142.251.32.10;142.250.190.138;142.250.190.10;142.250.190.42;142.250.190.106;142.250.191.106;142.250.191.202,237,300
kghcustoms.com.,194.218.10.186,194.218.10.186,300,300
googlezip.net.,,,-1,-1
adobe.io.,52.202.204.11;23.22.254.206;54.227.187.23;52.5.13.197,23.22.254.206;52.202.204.11;52.5.13.197;54.227.187.23,60,60
tiktok.com.,23.59.169.49;23.59.169.56,23.217.55.198;23.217.55.181;23.217.55.197;23.217.55.191;23.217.55.196;23.217.55.170,20,20
network-auth.com.,,,-1,-1
adsafeprotected.com.,3.162.163.127;3.162.163.47;3.162.163.24;3.162.163.88,18.154.101.23;18.154.101.105;18.154.101.120;18.154.101.97,60,5
tpp.com.pe.,52.205.198.106,52.205.198.106,3600,3600
ibyteimg.com.,,,-1,-1
openx.net.,35.244.159.8;34.98.64.218,35.244.159.8;34.98.64.218,900,895
msftncsi.com.,,,-1,-1
photosdata-pa.googleapis.com.,142.251.34.234;172.217.1.106;142.250.191.234;142.250.190.74;172.217.2.42;142.250.190.42;172.217.5.10;172.217.4.42;142.250.191.138;142.250.191.170;142.250.190.138;142.250.190.106;142.250.191.202;142.250.190.10;142.251.32.10;142.250.191.106,172.217.1.106;142.250.190.10;142.250.191.106;172.217.4.42;172.217.4.74;142.251.34.234;142.250.191.138;172.217.2.42;172.217.5.10;142.251.32.10;142.250.191.170;142.250.190.106;142.250.191.202;142.250.190.138;142.250.191.234;172.217.4.202,198,300
chatgpt.com.,172.64.155.209;104.18.32.47,172.64.155.209;104.18.32.47,112,300
geomobileservices-pa.googleapis.com.,172.217.1.106;142.250.191.234;142.250.191.106;142.250.190.10;142.250.190.106;142.250.190.74;142.250.191.138;172.217.4.202;172.217.4.42;172.217.5.10;142.250.190.42;142.250.191.170;172.217.2.42;142.251.32.10;142.250.190.138;142.250.191.202,172.217.4.42;142.250.190.106;172.217.2.42;142.250.191.138;142.250.190.42;142.250.190.138;142.250.191.170;142.250.190.74;142.250.191.202;142.251.32.10;172.217.1.106;172.217.4.202;142.251.34.234;142.250.191.106;142.250.190.10;142.250.191.234,157,300
heytapdl.com.,,,-1,-1
bidswitch.net.,34.160.122.192,34.160.122.192,120,24
smartadserver.com.,34.160.41.36,34.160.41.36,600,600
tiktokpangle.us.,,,-1,-1
trafficmanager.net.,,,-1,-1
baidu.com.,182.61.202.236;182.61.244.149;182.61.202.46;182.61.244.44,182.61.244.149;182.61.202.236;182.61.202.46;182.61.244.44,600,93
instantmessaging-pa.googleapis.com.,216.239.32.223;216.239.38.223;216.239.36.223;216.239.34.223,216.239.34.223;216.239.32.223;216.239.36.223;216.239.38.223,66,300
locationhistory-pa.googleapis.com.,172.217.1.106;172.217.4.74;142.250.190.10;142.250.190.74;172.217.2.42;142.250.191.138;172.217.5.10;172.217.4.202;142.251.32.10;142.250.190.138;172.217.4.42;142.251.34.234;142.250.191.106;142.250.190.106;142.250.190.42;142.250.191.234,172.217.4.202;142.250.190.74;142.250.191.202;142.250.190.42;142.251.32.10;172.217.1.106;142.250.191.170;142.250.191.234;172.217.4.42;142.250.191.138;142.250.190.106;142.250.190.138;142.250.191.106;172.217.5.10;142.250.190.10;172.217.2.42,258,300
azure.net.,20.236.44.162;20.70.246.20;20.76.201.171;20.231.239.246;20.112.250.133,20.112.250.133;20.76.201.171;20.70.246.20;20.236.44.162;20.231.239.246,3600,593
doubleverify.com.,199.60.103.65;199.60.103.165,199.60.103.165;199.60.103.65,900,372
capcutapi.com.,,,-1,-1
samsungapps.com.,213.71.30.154,213.71.30.154,300,239
amp-endpoint3.com.,,,-1,-1
creativecdn.com.,185.184.8.90,185.184.8.90,98,254
accountcapabilities-pa.googleapis.com.,172.217.4.202;142.251.34.234;142.250.191.170;142.250.190.74;142.250.191.138;172.217.2.42;172.217.4.42;142.250.191.202;142.250.191.234;142.250.190.10;142.250.190.42;142.251.32.10;172.217.1.106;142.250.191.106;142.250.190.138;142.250.190.106,142.250.190.106;142.250.190.138;142.250.190.74;172.217.4.74;142.250.191.138;172.217.1.106;142.251.34.234;172.217.4.202;142.250.190.42;142.250.190.10;142.250.191.106;142.250.191.202;172.217.2.42;142.250.191.170;142.250.191.234;142.251.32.10,8,300
everesttech.net.,208.91.169.4,208.91.169.4,300,300
resolver.arpa.,,,-1,-1
3lift.com.,99.84.203.115;99.84.203.58;99.84.203.5;99.84.203.126,99.84.203.58;99.84.203.115;99.84.203.5;99.84.203.126,60,60
gmail.com.,142.250.190.101,142.250.191.197,232,300
amp-endpoint2.com.,,,-1,-1
cloudflareinsights.com.,104.16.79.73;104.16.80.73,104.16.79.73;104.16.80.73,192,300
aliyun.com.,106.11.253.83;106.11.249.99;106.11.172.9;140.205.60.46;140.205.135.3;106.11.248.146,106.11.249.99;140.205.60.46;106.11.172.9;106.11.248.146;106.11.253.83;140.205.135.3,300,300
msauth.net.,,,-1,-1
outbrain.com.,151.101.66.132;151.101.130.132;151.101.194.132;151.101.2.132,151.101.130.132;151.101.194.132;151.101.66.132;151.101.2.132,300,300
footprints-pa.googleapis.com.,172.217.4.74;142.250.190.74;142.250.191.202;142.250.190.106;142.250.191.170;142.250.191.106;142.250.190.138;142.251.34.234;142.250.190.42;142.251.32.10;172.217.1.106;172.217.2.42;172.217.4.202;142.250.190.10;142.250.191.138;142.250.191.234,142.251.32.10;172.217.1.106;142.250.190.74;172.217.2.42;142.250.190.10;142.250.190.42;142.250.191.138;142.250.191.202;142.250.191.106;142.250.191.170;142.250.191.234;142.250.190.138;172.217.4.202;142.250.190.106;142.251.34.234,300,300
nr-data.net.,,,-1,-1
google.cn.,142.251.32.3,172.217.4.67,300,300
chromewebstore.googleapis.com.,172.217.2.42;142.250.190.10;172.217.1.106;142.250.190.138;142.250.190.74;142.250.191.138;142.250.191.202;142.250.191.234;172.217.4.74;142.250.190.42;172.217.4.42;142.250.190.106;142.250.191.170;142.250.191.106;172.217.5.10;172.217.4.202,142.250.191.138;142.250.191.234;142.250.191.202;172.217.4.74;172.217.1.106;142.250.191.170;142.251.32.10;172.217.5.10;142.250.191.106;142.250.190.10;142.250.190.138;172.217.4.42;142.250.190.42;142.250.190.74;172.217.2.42;172.217.4.202,170,300
launchdarkly.com.,15.197.167.90;3.33.186.135,15.197.167.90;3.33.186.135,60,46
oneget.org.,104.43.254.102,104.43.254.102,3600,2708
passwordsleakcheck-pa.googleapis.com.,142.251.34.234;142.250.190.74;142.251.32.10;172.217.1.106;172.217.4.42;142.250.190.42;142.250.190.138;172.217.2.42;172.217.4.74;142.250.190.106;142.250.191.234;142.250.191.106;172.217.5.10;172.217.4.202;142.250.190.10;142.250.191.202,142.250.190.42;142.250.190.138;142.250.191.138;172.217.4.202;142.250.190.74;172.217.1.106;172.217.2.42;142.251.32.10;142.250.191.170;142.250.190.10;142.250.190.106;172.217.4.74;142.250.191.106;142.250.191.202;142.250.191.234,92,300
android-context-data.googleapis.com.,142.250.191.234;172.217.1.106;142.251.32.10;142.250.190.42;172.217.4.202;142.250.191.170;142.250.191.106;172.217.4.74;172.217.4.42;142.250.190.106;142.250.190.10;172.217.2.42;142.250.190.138;142.250.190.74;142.250.191.202;142.250.191.138,142.250.190.138;172.217.5.10;142.250.191.170;142.250.191.202;172.217.4.74;142.250.191.106;172.217.1.106;142.250.191.138;172.217.2.42;142.250.191.234;142.250.190.74;142.250.190.42;142.251.32.10;142.250.190.106;142.250.190.10,48,300
browser-intake-datadoghq.com.,3.233.158.112;3.233.158.111;3.233.158.114,3.233.158.111;3.233.158.112;3.233.158.114,41,18
nearbysharing-pa.googleapis.com.,142.250.191.138;142.250.191.170;172.217.1.106;172.217.2.42;142.250.190.138;142.250.191.106;142.250.190.74;142.250.191.202;142.250.190.106;172.217.5.10;142.250.190.10;142.250.191.234;172.217.4.74;142.250.190.42;172.217.4.202;172.217.4.42,172.217.4.42;142.250.190.74;172.217.1.106;172.217.2.42;142.250.191.234;142.250.191.202;142.250.190.106;142.250.190.138;172.217.4.202;142.250.190.42;172.217.4.74;142.250.191.106;142.251.32.10;142.251.34.234;142.250.191.138;142.250.190.10,300,300
media.net.,23.34.124.26,23.34.124.26,5,5
id5-sync.com.,141.95.98.64;162.19.138.116;162.19.138.83;162.19.138.120;162.19.138.82;162.19.138.119;162.19.138.117;57.129.85.132;141.95.98.65;141.95.33.120;162.19.138.118,162.19.138.116;162.19.138.83;162.19.138.82;57.129.85.132;162.19.138.118;141.95.98.65;162.19.138.117;162.19.138.120;141.95.98.64;141.95.33.120;162.19.138.119,144,300
criteo.net.,,,-1,-1
line-scdn.net.,,,-1,-1
miui.com.,124.251.100.193,124.251.100.193,600,600
onesignal.com.,104.17.111.223;104.16.160.145,104.16.160.145;104.17.111.223,300,300
qq.com.cn.,0.0.0.1,0.0.0.1,600,600
opera.com.,185.26.182.103;185.26.182.104,185.26.182.103;185.26.182.104,600,361
adjust.com.,76.76.21.21,76.76.21.21,3600,3600
teads.tv.,34.255.42.71;3.251.49.224;52.16.157.210,34.255.42.71;3.251.49.224;52.16.157.210,60,60
mtgglobals.com.,,,-1,-1
crwdcntrl.net.,199.233.57.19;199.233.57.18;199.233.57.21;199.233.57.17;199.233.57.16;199.233.57.20,199.233.57.21;199.233.57.18;199.233.57.19;199.233.57.20;199.233.57.17;199.233.57.16,16365,15836
allawnos.com.,,,-1,-1
rlcdn.com.,,,-1,-1
shopee.io.,,,-1,-1
alicdn.com.,140.205.77.240;115.238.23.240,140.205.77.240;115.238.23.240,300,300
deviceintegritytokens-pa.googleapis.com.,172.217.4.42;142.251.32.10;142.250.190.138;142.250.190.42;142.250.190.74;142.250.190.106;142.250.191.170;172.217.4.74;172.217.5.10;142.250.191.202;142.250.191.138;172.217.1.106;172.217.2.42;142.250.191.234;142.251.34.234;142.250.191.106,142.250.190.74;142.250.191.202;172.217.4.202;142.250.190.10;142.250.191.234;142.250.191.106;172.217.2.42;172.217.1.106;172.217.4.42;142.250.190.106;142.250.191.138;172.217.5.10;142.250.191.170;142.251.32.10;142.251.34.234;142.250.190.42,268,300
360yield.com.,52.215.195.113;52.49.186.77;52.51.2.235,52.49.186.77;52.215.195.113;52.51.2.235,60,60
temu.com.,151.101.66.58;151.101.2.58,151.101.2.58;151.101.66.58,300,165
icloud-content.com.,17.253.142.4,17.253.142.4,3600,2237
msftstatic.com.,204.79.197.200,204.79.197.200,3600,2919
imasdk.googleapis.com.,142.250.190.106,142.250.191.202,300,300
moloco.com.,99.83.190.102;75.2.70.75,99.83.190.102;75.2.70.75,300,300
appsflyer.com.,54.224.150.238;52.21.86.112,54.224.150.238;52.21.86.112,60,26
adform.net.,37.157.5.86;37.157.5.49,37.157.2.235;37.157.2.14,300,300
yandex.net.,213.180.204.242,213.180.204.242,600,600
garena.com.,148.222.71.12,148.222.71.12,600,600
1rx.io.,,,-1,-1
userlocation.googleapis.com.,142.250.191.170;142.251.34.234;172.217.2.42;142.250.191.202;142.250.191.106;142.250.190.138;172.217.4.74;142.250.191.138;142.250.191.234;142.251.32.10;172.217.5.10;172.217.1.106;142.250.190.74;142.250.190.106;142.250.190.42;142.250.190.10,142.251.34.234;172.217.4.74;142.250.190.42;142.250.191.234;172.217.4.202;142.250.191.202;142.250.191.138;142.250.190.74;142.250.190.106;172.217.1.106;142.250.190.10;172.217.2.42;142.250.191.170;142.251.32.10;142.250.191.106;172.217.4.42,11,300
safebrowsingohttpgateway.googleapis.com.,142.250.190.74;172.217.4.42;142.250.190.138;172.217.4.202;142.250.190.10;142.250.191.234;172.217.1.106;142.251.32.10;172.217.2.42;142.250.191.202;172.217.4.74;142.250.191.170;142.250.190.42;142.250.191.138;142.251.34.234;142.250.190.106,142.250.190.10;142.250.190.138;142.250.191.202;172.217.1.106;142.251.32.10;172.217.4.202;172.217.2.42;142.250.191.106;142.250.191.138;172.217.4.74;142.250.190.74;142.250.190.42;142.251.34.234;142.250.190.106;142.250.191.234;142.250.191.170,263,300
root-servers.net.,,,-1,-1
shopee.sg.,147.136.140.56,147.136.172.151,60,60
webex.com.,144.196.130.69,144.196.130.69,300,14
wbx2.com.,13.59.223.204;13.59.223.207;13.59.223.205;13.59.223.206,13.59.223.204;13.59.223.205;13.59.223.206;13.59.223.207,60,34
bugsnag.com.,18.160.181.69;18.160.181.78;18.160.181.118;18.160.181.123,18.160.181.118;18.160.181.78;18.160.181.123;18.160.181.69,60,60
quantserve.com.,44.230.238.127;54.214.172.129;52.27.85.137,54.214.172.129;52.27.85.137;44.230.238.127,60,60
s-microsoft.com.,,,-1,-1
tapad.com.,34.96.66.233,34.96.66.233,300,300
alipay.com.,110.76.8.255;110.75.130.45,110.75.130.45;110.76.8.255,600,532
go-mpulse.net.,,,-1,-1
mediatek.com.,210.61.82.38,210.61.82.38,30,30
wechat.com.,43.155.124.49;43.154.240.170,43.154.240.170;43.155.124.49,300,12
byteoversea.net.,,,-1,-1
byteglb.com.,,,-1,-1
searchlabspartnerservice-pa.googleapis.com.,172.217.1.106;142.250.190.10;142.250.190.106;142.250.190.42;172.217.5.10;142.250.190.138;142.251.34.234;142.250.190.74;172.217.4.202;142.250.191.106;142.251.32.10;172.217.2.42;142.250.191.202;142.250.191.170;142.250.191.138;142.250.191.234,172.217.4.42;172.217.5.10;142.250.191.234;142.250.190.74;142.250.190.138;142.250.191.106;172.217.4.202;142.250.190.106;142.250.191.202;142.250.191.170;172.217.2.42;142.250.190.42;142.251.32.10;142.250.190.10;142.250.191.138;172.217.1.106,106,300
maps.googleapis.com.,172.217.4.42;142.250.190.106;142.250.190.10;142.250.191.106;142.250.190.42;172.217.2.42;142.250.191.234;172.217.5.10;142.250.191.170;142.251.34.234;142.250.191.138;172.217.4.74;142.250.191.202;172.217.4.202;142.250.190.74;142.251.32.10,142.250.190.106;142.250.191.170;142.250.190.74;142.250.190.10;172.217.2.42;142.250.190.42;172.217.1.106;172.217.4.74;142.250.191.234;142.251.34.234;142.250.191.106;142.250.191.138;172.217.4.202;142.251.32.10;142.250.191.202;142.250.190.138,211,300
app-analytics-services-att.com.,142.250.190.142,142.250.191.174,257,300
csp.withgoogle.com.,142.250.191.241,142.250.190.17,51,300
ipify.org.,104.26.12.205;104.26.13.205;172.67.74.152,104.26.13.205;104.26.12.205;172.67.74.152,300,300
notifications-ueeshp-pa.googleapis.com.,142.250.190.106;172.217.2.42;142.250.191.234;172.217.4.202;142.250.190.138;142.250.190.74;142.250.190.42;142.250.191.170;142.251.32.10;172.217.4.74;142.250.191.138;142.250.191.106;142.251.34.234;172.217.1.106;142.250.191.202;142.250.190.10,142.250.190.74;142.251.32.10;142.250.191.138;142.251.34.234;142.250.190.42;172.217.2.42;142.250.191.234;142.250.190.10;142.250.191.170;142.250.191.106;172.217.1.106;142.250.191.202;172.217.4.74;142.250.190.106;142.250.190.138,251,300
locationhistoryplacedetails-pa.googleapis.com.,142.250.190.10;172.217.4.202;142.250.190.42;142.250.190.138;142.250.191.170;172.217.4.42;142.250.190.74;142.250.191.106;142.251.32.10;142.250.190.106;142.250.191.202;172.217.1.106;142.251.34.234;172.217.2.42;172.217.5.10;142.250.191.138,172.217.1.106;142.250.191.170;142.250.191.234;172.217.4.42;172.217.2.42;142.250.190.10;172.217.4.202;142.250.191.106;142.251.34.234;142.250.191.202;142.251.32.10;142.250.190.138;142.250.190.106;142.250.191.138;172.217.4.74;142.250.190.74,5,300
cookielaw.org.,104.18.86.42;104.18.87.42,104.18.86.42;104.18.87.42,300,300
aliyuncs.com.,106.15.148.44,106.15.148.44,300,300
33across.com.,151.101.194.159,151.101.194.159,60,60
pinterest.com.,151.101.192.84;151.101.128.84;151.101.64.84;151.101.0.84,151.101.0.84;151.101.64.84;151.101.128.84;151.101.192.84,600,437
sharethrough.com.,198.202.211.1,198.202.211.1,300,2
amplitude.com.,13.248.219.127;76.223.69.48,76.223.69.48;13.248.219.127,300,300
trustarc.com.,141.193.213.20;141.193.213.21,141.193.213.20;141.193.213.21,300,300
digitalassetlinks.googleapis.com.,142.250.190.138;142.250.190.106;142.250.191.202;142.250.190.42;142.251.32.10;142.250.190.74;142.250.191.234;142.250.190.10;172.217.4.202;142.250.191.106;142.251.34.234;172.217.4.42;172.217.1.106;172.217.2.42;142.250.191.138;142.250.191.170,142.250.191.106;142.250.191.234;172.217.4.74;172.217.2.42;142.250.190.106;142.250.190.138;172.217.1.106;172.217.5.10;142.250.191.202;142.250.191.170;142.251.34.234;142.250.190.10;172.217.4.42;172.217.4.202;142.251.32.10;142.250.191.138,300,300
edgesuite.net.,,,-1,-1
qualtrics.com.,23.21.43.10;50.17.152.14,50.17.152.14;23.21.43.10,3585,17632
lijit.com.,13.249.141.29;13.249.141.24;13.249.141.30;13.249.141.9,13.226.251.120;13.226.251.80;13.226.251.48;13.226.251.20,18,6
ttdns2.com.,,,-1,-1
semanticlocation-pa.googleapis.com.,142.250.190.138;142.251.34.234;172.217.4.74;142.251.32.10;142.250.190.42;172.217.5.10;142.250.191.138;172.217.4.202;142.250.191.106;172.217.1.106;142.250.191.170;142.250.191.202;142.250.190.10;142.250.191.234;172.217.4.42;172.217.2.42,142.250.190.10;142.250.191.106;172.217.2.42;142.250.190.106;142.250.191.170;172.217.4.74;142.250.190.74;142.251.32.10;172.217.4.202;142.250.191.138;172.217.4.42;142.250.191.234;142.250.190.42;172.217.5.10;142.250.191.202;172.217.1.106,75,300
stackadapt.com.,34.204.55.14,34.204.55.14,300,300
federatedcompute-pa.googleapis.com.,142.250.190.106;142.250.190.138;172.217.1.106;172.217.5.10;142.250.191.234;142.250.190.42;142.250.190.74;142.250.191.106;142.250.190.10;172.217.4.74;172.217.4.202;142.250.191.202;142.250.191.170;142.251.32.10;142.251.34.234;142.250.191.138,172.217.2.42;142.250.190.42;142.250.190.138;142.250.191.106;142.250.190.74;142.250.191.138;142.250.191.202;142.250.191.234;142.250.190.106;142.250.191.170;142.250.190.10;142.251.32.10;172.217.4.202;172.217.1.106;172.217.4.74,300,300
samsungosp.com.,,,-1,-1
onenote.net.,20.112.250.133;20.70.246.20;20.76.201.171;20.231.239.246;20.236.44.162,20.76.201.171;20.231.239.246;20.236.44.162;20.70.246.20;20.112.250.133,3600,2065
androidplatformbackuprestore-pa.googleapis.com.,142.250.191.138;142.250.191.202;142.250.190.106;142.250.190.42;142.251.32.10;142.250.190.138;142.250.190.10;172.217.4.202;142.250.190.74;142.250.191.234;172.217.1.106;172.217.2.42;142.250.191.170;142.251.34.234;142.250.191.106;172.217.4.42,172.217.4.42;172.217.4.74;142.250.191.170;142.250.190.106;142.251.32.10;172.217.2.42;142.251.34.234;142.250.190.138;172.217.5.10;142.250.190.10;142.250.190.74;172.217.4.202;172.217.1.106;142.250.191.106;142.250.191.138;142.250.190.42,137,300
smaato.net.,,,-1,-1
pubsub.googleapis.com.,172.217.2.42;142.251.32.10;142.250.190.42;142.250.190.74;142.250.190.10;142.250.191.234;172.217.4.202;142.250.191.106;172.217.4.42;172.217.1.106;142.250.190.138;142.250.190.106;142.251.34.234;142.250.191.202;142.250.191.170;142.250.191.138,142.250.190.42;142.250.191.138;142.250.191.106;172.217.4.74;142.251.34.234;142.250.190.106;172.217.4.202;142.250.190.138;172.217.5.10;142.250.191.234;142.251.32.10;142.250.190.74;142.250.191.170;172.217.4.42;142.250.191.202;142.250.190.10,300,300
snapchat.com.,34.149.46.130,34.149.46.130,60,26
restrictedapps-pa.googleapis.com.,142.250.190.74;142.250.191.234;142.251.34.234;142.250.191.106;142.250.190.10;172.217.2.42;142.250.190.42;142.251.32.10;172.217.4.42;172.217.1.106;142.250.191.170;142.250.190.106;142.250.191.138;142.250.191.202;142.250.190.138,142.251.34.234;142.250.191.202;172.217.1.106;142.250.190.42;142.250.191.234;142.250.191.106;172.217.4.202;142.250.191.138;142.250.191.170;142.251.32.10;142.250.190.10;142.250.190.74;142.250.190.138;172.217.2.42;142.250.190.106,221,300
force.com.,104.109.11.129;23.1.99.130;184.31.10.133;184.31.3.130;104.109.10.129;23.1.106.133;184.25.179.132;23.1.35.132,23.1.35.132;104.109.10.129;184.25.179.132;184.31.3.130;184.31.10.133;23.1.106.133;104.109.11.129;23.1.99.130,30,22
sc-gw.com.,,,-1,-1
newrelic.com.,151.101.130.217;151.101.66.217;151.101.2.217;151.101.194.217,151.101.130.217;151.101.66.217;151.101.2.217;151.101.194.217,61,828
dns.google.,8.8.8.8;8.8.4.4,8.8.8.8;8.8.4.4,223,47
xboxlive.com.,20.112.250.133;20.76.201.171;20.231.239.246;20.236.44.162;20.70.246.20,20.112.250.133;20.236.44.162;20.70.246.20;20.231.239.246;20.76.201.171,3600,1229
tiktokcdn-eu.com.,,,-1,-1
shopee.com.my.,202.181.90.194,202.181.90.194,60,60
dccnet.com.cn.,,,-1,-1
vivoglobal.com.,156.59.238.20,156.59.238.20,600,600
xiaomi.net.,183.84.7.241;124.251.34.141,183.84.7.241;124.251.34.141,600,600
agkn.com.,,,-1,-1
bytefcdn-oversea.com.,,,-1,-1
t-msedge.net.,,,-1,-1
yandex.ru.,77.88.44.55;77.88.55.88;5.255.255.77,5.255.255.77;77.88.44.55;77.88.55.88,600,560
alibabadns.com.,,,-1,-1
sharepointonline.com.,65.55.93.60,65.55.93.60,3600,320
adobedc.net.,,,-1,-1
translate.googleapis.com.,172.217.2.42,172.217.1.106,84,300
snapkit.com.,216.239.38.21;216.239.36.21;216.239.32.21;216.239.34.21,216.239.38.21;216.239.32.21;216.239.36.21;216.239.34.21,300,300
dotomi.com.,159.127.43.8;159.127.40.136,159.127.40.136;159.127.43.8,300,286
voledevice-pa.googleapis.com.,142.250.190.42;142.250.191.234;142.250.190.106;142.250.190.74;142.250.191.106;142.251.34.234;142.250.191.170;172.217.5.10;142.251.32.10;172.217.4.42;142.250.191.202;172.217.1.106;172.217.4.202;142.250.190.138;142.250.191.138;172.217.2.42,172.217.1.106;142.250.191.234;172.217.4.74;172.217.4.202;142.250.191.106;142.250.190.106;142.250.190.74;142.250.190.10;142.251.32.10;142.251.34.234;172.217.2.42;142.250.191.138;142.250.191.170;142.250.190.138;142.250.190.42;142.250.191.202,229,300
phonedeviceverification-pa.googleapis.com.,142.250.190.106;142.250.191.234;172.217.4.74;172.217.4.42;142.250.190.42;142.251.32.10;172.217.1.106;172.217.4.202;142.250.191.202;142.251.34.234;142.250.190.74;172.217.2.42;142.250.190.10;142.250.191.170;142.250.190.138;142.250.191.138,142.250.190.74;172.217.4.42;172.217.4.74;142.250.191.106;142.250.190.10;142.250.190.138;172.217.2.42;142.250.190.106;142.250.191.234;172.217.1.106;142.250.190.42;172.217.5.10;172.217.4.202;142.251.32.10;142.251.34.234;142.250.191.138,229,300
ajax.googleapis.com.,142.250.191.106,142.251.32.10,123,300
meta.app.,34.202.175.143,34.202.175.143,600,600
translate-pa.googleapis.com.,172.217.1.106;142.250.190.106;142.250.190.74;142.250.190.42;142.250.190.138;142.250.191.234;142.250.191.202;172.217.4.42;142.250.190.10;142.251.32.10;142.251.34.234;172.217.5.10;142.250.191.138;172.217.4.74;172.217.4.202;142.250.191.170,172.217.4.42;172.217.2.42;142.250.190.74;142.250.190.10;142.250.190.42;142.250.191.106;142.251.32.10;172.217.1.106;142.250.191.170;142.251.34.234;142.250.191.234;142.250.190.138;172.217.4.74;142.250.191.202;142.250.191.138;142.250.190.106,300,300
braze.com.,104.17.228.60;104.17.227.60,104.17.228.60;104.17.227.60,300,300
cloudflare-dns.com.,104.16.249.249;104.16.248.249,104.16.249.249;104.16.248.249,300,300
messenger.com.,157.240.26.18,157.240.26.18,60,60
salesforce.com.,184.31.3.130;104.109.11.129;184.31.10.133;23.1.106.133;104.109.10.129;23.1.35.132;23.1.99.130;184.25.179.132,23.1.106.133;184.25.179.132;184.31.3.130;104.109.10.129;104.109.11.129;23.1.35.132;23.1.99.130;184.31.10.133,120,71
onetag-sys.com.,51.222.39.187;51.222.239.230;51.222.39.185;51.222.39.184;51.222.239.232;51.222.39.186,51.222.39.186;51.222.39.185;51.222.239.232;51.222.239.230;51.222.39.187;51.222.39.184,647,357
bidr.io.,,,-1,-1
microsoftonline.us.,,,-1,-1
pay-users-pa.googleapis.com.,192.178.157.92,142.251.182.92,146,300
zemanta.com.,23.11.19.110,23.204.51.107,30,15
mi.com.,161.117.97.92;161.117.94.231,161.117.94.231;161.117.97.92,600,600
jquery.com.,104.18.156.119;104.18.155.119,104.18.155.119;104.18.156.119,300,300
fbpigeon.com.,,,-1,-1
turn.com.,,,-1,-1
onetrust.com.,104.18.32.137;172.64.155.119,104.18.32.137;172.64.155.119,300,300
mixpanel.com.,34.117.152.135,34.117.152.135,300,175
reddit.com.,151.101.193.140;151.101.129.140;151.101.65.140;151.101.1.140,151.101.65.140;151.101.1.140;151.101.193.140;151.101.129.140,76,9
securitydomain-pa.googleapis.com.,142.250.191.170;142.250.190.42;142.251.32.10;142.250.190.106;172.217.5.10;142.251.34.234;172.217.4.74;142.250.190.10;172.217.4.202;172.217.1.106;142.250.190.74;142.250.190.138;172.217.2.42;142.250.191.202;142.250.191.138;142.250.191.234,142.250.190.106;142.250.190.74;142.250.191.106;142.250.190.10;172.217.4.74;142.250.191.202;142.250.191.234;172.217.5.10;172.217.4.42;142.250.191.138;142.250.190.42;142.251.32.10;142.251.34.234;172.217.2.42;172.217.1.106;142.250.190.138,85,300
zoom.us.,170.114.52.2,170.114.52.2,49,60
lamssettings-pa.googleapis.com.,142.250.190.106;142.250.190.42;142.251.32.10;142.250.190.10;172.217.4.42;172.217.1.106;172.217.2.42;142.250.191.234;142.250.190.138;142.250.191.170;172.217.5.10;142.250.190.74;142.250.191.138;172.217.4.74;142.250.191.202;142.251.34.234,142.250.191.202;172.217.4.202;142.250.190.10;172.217.4.42;142.251.34.234;142.250.190.106;142.250.190.42;142.250.191.106;142.250.190.74;172.217.5.10;142.250.190.138;142.250.191.234;142.251.32.10;172.217.4.74;172.217.1.106;172.217.2.42,40,300
atlassian.com.,52.84.127.19;52.84.127.90;52.84.127.74;52.84.127.98,52.84.127.98;52.84.127.19;52.84.127.74;52.84.127.90,60,60
inner-active.mobi.,54.225.119.21;62.219.50.32,54.225.119.21;62.219.50.32,3600,3600
stickyadstv.com.,51.255.169.33,51.255.169.33,300,300
qlivecdn.com.,,,-1,-1
xboxservices.com.,,,-1,-1
tiktokcdn-us.com.,,,-1,-1
growth-pa.googleapis.com.,142.250.190.74;142.250.190.42;142.250.191.106;172.217.1.106;142.250.191.202;142.250.191.234;172.217.2.42;142.250.190.10;172.217.4.202;142.250.191.170;142.250.190.106;142.250.191.138;142.250.190.138;172.217.4.42;142.251.32.10;172.217.5.10,142.251.32.10;142.250.190.42;142.250.190.10;142.251.34.234;142.250.191.106;172.217.4.202;172.217.2.42;142.250.191.234;172.217.1.106;142.250.190.138;142.250.191.170;142.250.191.202;142.250.190.106;142.250.191.138;172.217.4.42;142.250.190.74,300,300
a-mo.net.,18.160.102.9;18.160.102.128;18.160.102.5;18.160.102.64,18.160.102.128;18.160.102.5;18.160.102.9;18.160.102.64,60,60
ncca.mil.,,,-1,-1
samsungdm.com.,,,-1,-1
pinimg.com.,151.101.64.84;151.101.192.84;151.101.0.84;151.101.128.84,151.101.192.84;151.101.0.84;151.101.128.84;151.101.64.84,600,165
a2z.com.,,,-1,-1
yieldmo.com.,35.212.43.67,35.212.43.67,300,300
t.co.,162.159.140.229,172.66.0.227,548,592
fwmrm.net.,99.83.195.29;13.248.238.180,99.83.195.29;13.248.238.180,3600,3600
appier.net.,35.241.60.58,35.241.60.58,300,58
lazada.com.,47.246.165.39;47.246.167.10;47.246.167.254;47.246.165.111;47.246.167.114;47.246.165.182;47.246.167.7;47.246.165.110,47.246.167.10;47.246.165.182;47.246.165.39;47.246.167.7;47.246.167.254;47.246.165.110;47.246.167.114;47.246.165.111,300,300
unrulymedia.com.,52.84.127.48;52.84.127.80;52.84.127.116;52.84.127.17,52.84.127.17;52.84.127.80;52.84.127.116;52.84.127.48,60,60
line.me.,147.92.243.206,147.92.243.206,300,282
adsmoloco.com.,198.185.159.144,198.185.159.144,14400,14400
nist.gov.,172.65.90.27;172.65.90.25;172.65.90.24;172.65.90.26,172.65.90.25;172.65.90.26;172.65.90.24;172.65.90.27,300,300
hotjar.com.,99.84.203.76;99.84.203.128;99.84.203.110;99.84.203.6,99.84.203.110;99.84.203.76;99.84.203.128;99.84.203.6,60,60
mobilemaps.googleapis.com.,216.239.38.135,216.239.38.135,2433,3600
indexww.com.,104.18.24.18;104.18.25.18,104.18.25.18;104.18.24.18,300,300
addons-pa.googleapis.com.,172.217.4.202;142.250.190.42;142.251.34.234;142.250.190.74;142.250.191.202;142.250.191.106;172.217.5.10;142.250.190.10;172.217.4.74;142.250.190.106;172.217.2.42;172.217.4.42;142.250.191.138;142.250.191.234;142.251.32.10;142.250.191.170,142.250.190.10;172.217.4.202;142.250.190.42;172.217.5.10;142.250.191.106;142.251.32.10;142.250.191.170;172.217.2.42;142.250.191.202;142.250.191.138;142.250.190.74;172.217.4.74;172.217.1.106;142.251.34.234;142.250.190.106;142.250.191.234,108,300
admanmedia.com.,23.212.215.136,23.212.215.136,300,300
yammer.com.,13.107.6.159,13.107.6.159,1800,518
calendarpushsubscription-pa.googleapis.com.,172.217.1.106;142.250.191.234;142.251.32.10;142.250.191.170;172.217.4.202;142.250.190.138;142.250.191.106;142.250.191.138;172.217.4.42;142.251.34.234;142.250.190.10;142.250.191.202;142.250.190.42;142.250.190.74;142.250.190.106,142.250.190.42;142.250.191.106;142.250.191.138;172.217.2.42;172.217.1.106;142.250.191.234;142.251.32.10;142.250.190.138;142.250.191.170;172.217.4.42;142.250.191.202;142.250.190.10;142.250.190.106;142.250.190.74;172.217.5.10;172.217.4.74,121,300
tizen.org.,52.84.127.128;52.84.127.16;52.84.127.43;52.84.127.83,52.84.127.128;52.84.127.83;52.84.127.16;52.84.127.43,60,60
contextweb.com.,74.214.194.128,74.214.194.128,36,115
heytapmobi.com.,49.7.118.241,49.7.118.241,600,600
loopme.me.,35.206.149.249,35.206.149.249,60,57
nflxso.net.,,,-1,-1
usabilla.com.,52.84.127.104;52.84.127.78;52.84.127.74;52.84.127.51,52.84.127.74;52.84.127.78;52.84.127.104;52.84.127.51,60,60
edgekey.net.,,,-1,-1
twimg.com.,,,-1,-1
int08h.com.,151.101.65.195;151.101.1.195,151.101.1.195;151.101.65.195,300,300
locationhistoryaggregates-pa.googleapis.com.,142.250.191.106;142.250.191.138;142.250.191.202;142.250.190.138;172.217.2.42;142.251.34.234;142.250.190.74;172.217.5.10;172.217.1.106;142.251.32.10;142.250.190.42;142.250.191.234;142.250.190.106;142.250.191.170;172.217.4.42;142.250.190.10,142.251.32.10;142.250.191.170;142.250.190.10;142.250.190.74;172.217.4.202;172.217.2.42;142.250.190.138;172.217.1.106;142.250.191.202;142.251.34.234;142.250.191.138;142.250.190.106;172.217.5.10;142.250.191.106;172.217.4.42;142.250.191.234,300,300
globalsign.com.,146.75.30.133,104.18.21.226;104.18.20.226,42,76
speechs3proto2-pa.googleapis.com.,142.250.190.42;142.251.34.234;142.250.190.10;142.250.191.202;172.217.4.202;142.250.191.170;142.250.191.234;142.250.191.106;142.250.190.74;172.217.1.106;142.250.190.106;142.250.190.138;142.250.191.138;172.217.5.10;142.251.32.10;172.217.4.74,142.250.190.138;142.250.191.202;142.251.32.10;142.250.190.106;142.250.191.234;142.250.191.138;172.217.5.10;172.217.4.42;172.217.4.202;142.250.191.106;172.217.1.106;142.250.190.42;172.217.2.42;142.250.190.10;142.250.190.74;142.250.191.170,300,300
ndcpp-os.com.,,,-1,-1
liadm.com.,,,-1,-1
msn.cn.,204.79.197.235,204.79.197.235,3600,656
omnitagjs.com.,,,-1,-1
avcdn.net.,,,-1,-1
presage.io.,217.70.184.55,217.70.184.55,10800,10800
ogads-pa.googleapis.com.,142.250.190.106;142.250.191.202;142.250.190.74;172.217.1.106;142.250.190.10;142.250.191.234;172.217.2.42;142.250.191.170;142.250.191.106;142.250.191.138;172.217.4.202;142.250.190.138;142.250.190.42;172.217.5.10;172.217.4.42;142.251.32.10,142.250.190.42;172.217.2.42;142.250.190.10;172.217.1.106;172.217.4.42;142.250.191.106;142.250.190.138;142.250.191.234;142.250.191.138;142.250.191.170;142.250.190.74;142.251.34.234;172.217.5.10;142.250.190.106;142.251.32.10;172.217.4.202,6,300
eu-1-id5-sync.com.,172.67.75.89;104.26.8.8;104.26.9.8,104.26.9.8;104.26.8.8;172.67.75.89,300,300
securetoken.googleapis.com.,142.251.34.234;142.250.190.74;172.217.4.42;142.250.191.202;172.217.4.74;142.250.190.42;172.217.1.106;142.250.190.138;142.250.190.106;142.251.32.10;142.250.191.138;142.250.191.170;172.217.5.10;142.250.190.10;172.217.2.42;142.250.191.106,142.250.191.170;172.217.5.10;142.251.34.234;142.250.190.74;172.217.1.106;172.217.4.202;172.217.2.42;172.217.4.42;142.250.191.234;142.250.191.138;142.250.190.42;142.250.191.106;142.251.32.10;142.250.190.138;142.250.190.106;142.250.190.10,224,300
drivefrontend-pa.googleapis.com.,142.251.32.10;142.250.191.106;142.250.191.202;142.250.190.42;142.250.190.138;142.250.190.74;142.250.191.234;172.217.4.42;142.250.190.106;142.250.191.138;172.217.4.202;172.217.1.106;142.250.190.10;172.217.2.42;142.250.191.170,142.250.190.10;142.250.191.106;142.250.190.106;142.250.191.138;172.217.4.202;142.250.190.74;142.250.191.170;172.217.2.42;142.250.191.234;172.217.1.106;142.250.191.202;172.217.5.10;142.250.190.42;142.250.190.138;142.251.32.10;142.251.34.234,193,300
typekit.net.,216.146.46.10;216.146.46.11,216.146.46.11;216.146.46.10,60,11
gsu.edu.,104.239.136.235,104.239.136.235,3600,3600
example.com.,23.192.228.80;23.192.228.84;23.220.75.245;23.215.0.138;23.220.75.232;23.215.0.136,23.215.0.138;23.192.228.80;23.215.0.136;23.220.75.232;23.192.228.84;23.220.75.245,137,182
mediago.io.,44.226.163.226;35.85.93.41;44.238.106.102;34.217.235.21,44.226.163.226;34.217.235.21;44.238.106.102;35.85.93.41,300,300
sitescout.com.,208.113.159.153,208.113.159.153,300,300
liftoff-creatives.io.,,,-1,-1
gvt3.com.,,,-1,-1
recaptcha.net.,142.250.191.195,142.250.191.227,300,300
scdn.co.,,,-1,-1
tiktokw.us.,,,-1,-1
oaistatic.com.,172.64.146.98;104.18.41.158,104.18.41.158;172.64.146.98,300,300
pure.cloud.,,,-1,-1
spotifycdn.com.,,,-1,-1
clienttracing-pa.googleapis.com.,172.217.4.74;142.251.34.234;172.217.1.106;172.217.4.202;172.217.4.42;142.250.190.74;142.250.190.10;142.250.191.202;142.251.32.10;142.250.190.106;142.250.191.234;172.217.2.42;142.250.190.138;142.250.191.170;142.250.191.106;142.250.190.42,142.250.190.74;142.250.191.138;142.251.32.10;172.217.2.42;142.251.34.234;172.217.4.42;142.250.191.106;172.217.4.74;172.217.1.106;142.250.191.234;142.250.190.106;142.250.190.10;142.250.191.170;142.250.190.138;142.250.190.42;142.250.191.202,300,300
readaloud.googleapis.com.,142.250.191.234;172.217.2.42;142.250.191.170;142.250.190.42;142.250.191.106;142.250.190.106;172.217.1.106;172.217.4.42;142.250.190.74;172.217.4.202;142.250.191.138;142.251.34.234;142.250.190.138;142.250.190.10;172.217.4.74;142.250.191.202,142.250.191.170;142.250.191.202;172.217.2.42;142.250.191.138;142.250.190.10;172.217.4.202;142.250.191.106;142.250.190.106;142.250.190.42;142.250.190.74;142.250.190.138;142.250.191.234;172.217.1.106;172.217.4.74;172.217.5.10;172.217.4.42,177,300
bing.net.,204.79.197.200,204.79.197.200,3600,3600
yimg.com.,76.223.84.192;13.248.158.7,13.248.158.7;76.223.84.192,1200,1182
tiktokrow-cdn.com.,,,-1,-1
intercom.io.,18.160.102.105;18.160.102.120;18.160.102.103;18.160.102.123,18.160.102.105;18.160.102.123;18.160.102.120;18.160.102.103,60,60
firebaseinappmessaging.googleapis.com.,142.250.190.138;142.250.191.170;142.250.191.234;142.250.190.74;142.250.191.138;142.251.32.10;142.251.34.234;142.250.190.42;142.250.190.10;142.250.191.106;142.250.190.106;172.217.2.42;142.250.191.202;172.217.1.106,172.217.5.10;142.250.190.138;142.250.190.42;172.217.2.42;142.250.190.106;142.250.190.74;172.217.4.42;172.217.4.74;142.250.191.106;142.250.191.170;172.217.1.106;142.250.190.10;142.250.191.234;142.251.34.234;142.250.191.202;142.251.32.10,167,300
footprintdns.com.,,,-1,-1
sentinelone.net.,,,-1,-1
firestore.googleapis.com.,142.250.191.202,142.250.190.10,253,300
sectigo.com.,91.199.212.90,91.199.212.90,3600,2780
roblox.com.,128.116.48.3,128.116.48.3,41,5
simpli.fi.,141.193.213.30,141.193.213.30,60,60
liftoff.io.,141.193.213.20;141.193.213.21,141.193.213.21;141.193.213.20,300,300
ln-msedge.net.,,,-1,-1
me.com.,17.253.142.4,17.253.142.4,300,35
unpkg.com.,104.18.0.22;104.18.1.22,104.18.0.22;104.18.1.22,228,300
shalltry.com.,99.84.203.85;99.84.203.125;99.84.203.35;99.84.203.44,99.84.203.44;99.84.203.85;99.84.203.125;99.84.203.35,60,60
yahoodns.net.,,,-1,-1
deepintent.com.,141.193.213.21;141.193.213.20,141.193.213.20;141.193.213.21,300,300
fb.com.,157.240.26.35,157.240.26.35,60,60
mozilla.org.,35.190.14.201,35.190.14.201,176,279
cdngslb.com.,115.238.23.241,115.238.23.241,300,300
avast.com.,23.209.61.95,23.209.61.95,20,20
rocket-cdn.com.,,,-1,-1
richaudience.com.,62.36.229.31,62.36.229.31,3600,3600
byteoversea.com.,,,-1,-1
ureca-lab.com.,,,-1,-1
clevertap-prod.com.,3.166.118.23;3.166.118.97;3.166.118.42;3.166.118.113,3.166.118.42;3.166.118.113;3.166.118.97;3.166.118.23,60,60
ondevicesafety-pa.googleapis.com.,142.251.34.234;142.250.190.10;172.217.4.74;172.217.1.106;172.217.2.42;172.217.4.42;142.250.191.106;142.250.190.138;142.250.190.74;142.251.32.10;142.250.191.234;172.217.4.202;142.250.191.138;142.250.191.202;142.250.190.42;142.250.191.170,172.217.1.106;172.217.2.42;142.250.190.42;142.250.191.170;142.250.191.234;142.251.32.10;142.250.190.10;172.217.4.202;142.250.190.74;142.250.191.138;142.250.190.138;142.251.34.234;142.250.191.202;172.217.5.10;142.250.190.106;142.250.191.106,212,300
adkernel.com.,141.193.213.10;141.193.213.11,141.193.213.10;141.193.213.11,16357,21600
cisco.com.,72.163.4.185,72.163.4.185,1800,499
tencent-cloud.net.,0.0.0.1,0.0.0.1,300,300
wikipedia.org.,208.80.154.224,208.80.154.224,180,180
myqcloud.com.,0.0.0.1,0.0.0.1,3600,3600
bytedance.map.fastly.net.,151.101.150.73,146.75.82.73,21,60
asjo.org.,212.237.178.116,212.237.178.116,3600,3600
ttlivecdn.com.,,,-1,-1
google.us.,142.251.32.4,142.250.191.100,300,300
google.com.hk.,142.250.191.131,142.250.190.35,300,300
content-storage-upload.googleapis.com.,192.178.153.207;142.251.4.207;192.178.154.207;142.250.123.207;142.250.112.207;172.217.68.207;74.125.129.207;192.178.131.207;192.178.157.207;142.251.182.207;142.250.111.207;192.178.214.207;142.251.165.207;142.251.176.207;142.251.166.207;192.178.130.207,192.178.131.207;192.178.130.207;192.178.154.207;142.250.111.207;142.251.176.207;142.251.166.207;74.125.129.207;142.251.4.207;192.178.214.207;192.178.157.207;142.250.112.207;192.178.153.207;172.217.68.207;142.251.182.207;142.251.165.207;142.250.123.207,300,300
visualstudio.com.,150.171.74.16;150.171.73.16,150.171.73.16;150.171.74.16,3600,2342
instantmessaging-pa-jms-us.googleapis.com.,216.239.36.158,216.239.36.158,109,300
seedtag.com.,34.140.37.23,34.140.37.23,300,300
decibelinsight.net.,,,-1,-1
spotxchange.com.,198.54.12.133;198.54.12.134,198.54.12.133;198.54.12.134,600,127
lazcdn.com.,,,-1,-1
yellowblue.io.,,,-1,-1
gos-gsp.io.,,,-1,-1
androidpay-users-pa.googleapis.com.,142.251.182.92,74.125.129.92,134,300
microsoft365.com.,13.107.6.156,13.107.6.156,300,219
ovscdns.com.,,,-1,-1
gumgum.com.,3.166.118.50;3.166.118.14;3.166.118.4;3.166.118.107,3.166.118.14;3.166.118.50;3.166.118.4;3.166.118.107,60,60
rfihub.com.,,,-1,-1
cloudfront.net.,,,-1,-1
mfadsrvr.com.,35.170.8.51,35.170.8.51,300,300
alibaba.com.,47.246.136.156;47.246.131.198;47.246.136.52;47.246.137.105,47.246.137.105;47.246.131.198;47.246.136.156;47.246.136.52,120,120
ipredictive.com.,,,-1,-1
ibytedtos.com.,,,-1,-1
optimizely.com.,217.114.94.2,217.114.94.2,300,300
aadrm.com.,,,-1,-1
connatix.com.,52.84.127.13;52.84.127.106;52.84.127.80;52.84.127.40,52.84.127.106;52.84.127.13;52.84.127.80;52.84.127.40,60,60
feedback-pa.googleapis.com.,142.250.190.138;172.217.4.202;142.250.190.106;142.251.32.10;142.250.190.74;172.217.4.42;172.217.2.42;142.250.191.138;142.250.191.234;142.250.191.202;142.250.190.10;142.250.190.42;172.217.5.10;142.250.191.106;172.217.1.106;142.250.191.170,142.251.32.10;142.250.190.74;142.250.191.234;142.250.190.42;142.250.191.170;142.250.190.106;142.250.191.106;142.250.190.138;142.250.191.138;172.217.4.42;172.217.4.202;142.250.190.10;142.250.191.202;172.217.5.10;172.217.1.106;172.217.2.42,234,300
4dex.io.,,,-1,-1
fontawesome.com.,104.18.22.52,104.18.22.52,300,197
shopee.co.th.,147.136.180.129,147.136.180.128,60,60
amazontrust.com.,18.160.181.72;18.160.181.46;18.160.181.11;18.160.181.18,18.160.181.46;18.160.181.72;18.160.181.11;18.160.181.18,60,60
photos.googleapis.com.,142.250.190.10;142.250.191.202;172.217.5.10;172.217.1.106;172.217.4.202;172.217.4.74;142.250.190.74;142.250.191.138;142.251.32.10;142.250.190.42;142.250.191.106;142.250.190.138;142.250.191.170;142.250.191.234;172.217.4.42;142.250.190.106,142.250.191.106;172.217.4.202;142.250.190.42;142.250.190.106;172.217.1.106;142.251.32.10;172.217.2.42;142.250.190.74;142.250.191.170;142.250.190.138;142.250.191.202;142.251.34.234;172.217.4.74;142.250.191.138;142.250.190.10;172.217.4.42,34,300
hpdaas.com.,52.92.190.83;52.92.240.131;3.5.84.66;52.218.247.66;52.92.138.115;52.218.250.178;3.5.83.123;3.5.82.31,52.92.203.115;3.5.78.104;3.5.86.48;52.92.179.123;52.92.242.139;52.92.224.27;52.218.234.194;52.218.176.2,5,5
google.com.br.,142.251.34.227,142.251.34.227,300,300
mcafee.com.,100.20.214.93,100.20.214.93,300,33
mookie1.com.,23.59.169.28;23.59.169.24,23.59.169.28;23.59.169.24,20,20
postrelease.com.,52.36.224.135,52.36.224.135,60,9
tremorhub.com.,18.160.181.96;18.160.181.60;18.160.181.15;18.160.181.35,18.160.181.15;18.160.181.60;18.160.181.96;18.160.181.35,60,60
grammarly.com.,99.84.203.125;99.84.203.84;99.84.203.33;99.84.203.59,99.84.203.125;99.84.203.59;99.84.203.84;99.84.203.33,60,60
mathtag.com.,,,-1,-1
adgrx.com.,,,-1,-1
microsoftpersonalcontent.com.,,,-1,-1
amazon.dev.,,,-1,-1
tiqcdn.com.,,,-1,-1
singular.net.,141.193.213.11;141.193.213.10,141.193.213.11;141.193.213.10,60,60
dynatrace.com.,52.86.208.141;35.168.93.157,52.86.208.141;35.168.93.157,3600,3460
ads-twitter.com.,,,-1,-1
mozilla.com.,35.190.14.201,35.190.14.201,600,47
